Country Name,Country Code,Time,Time Code,Access to clean fuels and technologies for cooking (% of population) [EG.CFT.ACCS.ZS],Domestic general government health expenditure (% of general government expenditure) [SH.XPD.GHED.GE.ZS],"Mortality rate, infant (per 1,000 live births) [SP.DYN.IMRT.IN]","Mortality rate, infant, female (per 1,000 live births) [SP.DYN.IMRT.FE.IN]","Mortality rate, infant, male (per 1,000 live births) [SP.DYN.IMRT.MA.IN]",Domestic general government health expenditure per capita (current US$) [SH.XPD.GHED.PC.CD],"PM2.5 air pollution, mean annual exposure (micrograms per cubic meter) [EN.ATM.PM25.MC.M3]"
Afghanistan,AFG,2000,YR2000,5.5,..,92,86.5,97.2,..,64.767279818427
Afghanistan,AFG,2001,YR2001,6.6,..,89.3,84,94.4,..,64.5975727246894
Afghanistan,AFG,2002,YR2002,7.7,1.21245599,86.6,81.5,91.3,0.15160967,64.4168880125936
Afghanistan,AFG,2003,YR2003,9,5.45767879,83.7,78.8,88.4,1.29700564,64.1762314183241
Afghanistan,AFG,2004,YR2004,10.5,3.60296822,80.9,76,85.5,1.18617905,63.8266086780653
Afghanistan,AFG,2005,YR2005,11.9,3.37097836,78,73.3,82.4,1.33553256,63.3190255280017
Afghanistan,AFG,2006,YR2006,13.5,2.72002935,75.1,70.5,79.5,1.35533866,61.5146494273075
Afghanistan,AFG,2007,YR2007,15.1,2.60708547,72.3,67.8,76.6,1.84962338,58.0837850174423
Afghanistan,AFG,2008,YR2008,16.6,3.00128436,69.6,65.3,73.8,2.44655618,54.1911438080183
Afghanistan,AFG,2009,YR2009,18.3,2.51257253,67,62.9,71.1,2.34359473,51.0014373086482
Afghanistan,AFG,2010,YR2010,19.9,2.25547075,64.6,60.6,68.4,2.55007354,49.6793770289443
Afghanistan,AFG,2011,YR2011,21.3,2.18811917,62.3,58.3,66,2.93559049,61.8170559083924
Afghanistan,AFG,2012,YR2012,22.9,1.37000275,60.1,56.2,63.8,2.28442458,70.9223165078033
Afghanistan,AFG,2013,YR2013,24.5,1.77506959,58.1,54.3,61.8,2.83484999,73.1318159038053
Afghanistan,AFG,2014,YR2014,26.1,1.86067402,56.2,52.5,59.9,2.98555852,77.1437275538632
Afghanistan,AFG,2015,YR2015,27.6,2.01440597,54.6,50.9,58.1,3.10637149,73.4908176326415
Afghanistan,AFG,2016,YR2016,28.8,2.14110541,53,49.4,56.5,3.12218743,72.7659101386992
Afghanistan,AFG,2017,YR2017,30.3,2.31911564,51.5,47.9,55,3.40957279,65.8623470043896
Afghanistan,AFG,2018,YR2018,31.4,1.90904689,50.1,46.5,53.6,2.77333833,67.2271774798558
Afghanistan,AFG,2019,YR2019,32.6,1.77526009,48.8,45.1,52.2,2.48787785,58.3308722306744
Afghanistan,AFG,2020,YR2020,33.8,4.24602795,47.4,43.8,50.8,6.1311352,46.0870936659706
Pakistan,PAK,2000,YR2000,23.5,6.25985861,84.8,78.8,90.5,5.37671845,59.1634156257704
Pakistan,PAK,2001,YR2001,24.4,6.30668402,82.9,76.8,88.6,4.68429437,59.2619346333226
Pakistan,PAK,2002,YR2002,25.8,6.26631975,81.1,74.9,87,5.56681393,59.3494608897258
Pakistan,PAK,2003,YR2003,27.1,3.98045206,79.5,73.3,85.4,3.49404756,59.3699841751069
Pakistan,PAK,2004,YR2004,27.9,4.50923157,78.1,71.7,84.2,4.18621471,59.2674942695927
Pakistan,PAK,2005,YR2005,29.2,3.9776814,76.8,70.3,82.9,4.27961081,58.9859809533101
Pakistan,PAK,2006,YR2006,30.2,3.20882916,75.5,69,81.7,4.19118379,57.4454012873738
Pakistan,PAK,2007,YR2007,31.6,2.82065868,74.3,67.7,80.5,4.59481843,54.3352703751572
Pakistan,PAK,2008,YR2008,32.8,2.22328711,73,66.4,79.2,3.87381816,50.7539150601749
Pakistan,PAK,2009,YR2009,34,2.96312976,71.6,65.1,77.8,4.85261893,47.7996621859414
Pakistan,PAK,2010,YR2010,35.3,2.88965487,70.2,63.9,76.2,5.27391566,46.5708385959715
Pakistan,PAK,2011,YR2011,36.5,2.54317451,68.7,62.6,74.5,5.24467205,55.754979166674
Pakistan,PAK,2012,YR2012,37.95,3.17061043,67.1,61,72.9,7.28846874,66.8719540673752
Pakistan,PAK,2013,YR2013,39.1,3.24930596,65.5,59.4,71.2,7.6059095,68.5813248667094
Pakistan,PAK,2014,YR2014,40.4,3.34264088,63.8,57.8,69.5,8.02983676,71.7121701033462
Pakistan,PAK,2015,YR2015,42,3.85042071,62.2,56.3,67.8,9.63588473,68.0068767608943
Pakistan,PAK,2016,YR2016,43.3,3.96031761,60.5,54.8,66,10.26116199,68.5228297189002
Pakistan,PAK,2017,YR2017,44.5,4.77192211,58.9,53.3,64.2,14.22169367,61.7967274713574
Pakistan,PAK,2018,YR2018,46.3,4.8980689,57.3,51.8,62.5,13.70200224,62.3894976390133
Pakistan,PAK,2019,YR2019,47.8,4.94922209,55.7,50.3,60.7,12.32831762,52.8571976958305
Pakistan,PAK,2020,YR2020,49.4,5.1218276,54.1,48.9,59.1,13.44074516,42.9981734249878
India,IND,2000,YR2000,22.6,3.05,66.4,66.6,66.3,4,61.511449777005
India,IND,2001,YR2001,23.9,2.9,64.5,65.1,64,4,61.9068347721157
India,IND,2002,YR2002,25.1,2.77,62.6,63.5,61.6,4,62.3725221530569
India,IND,2003,YR2003,26,2.68,60.6,61.8,59.5,4,62.766353963477
India,IND,2004,YR2004,27.3,2.65,58.7,59.3,58.1,4,62.9461722470244
India,IND,2005,YR2005,28.1,2.94,56.8,57.8,55.9,6,62.7698190473475
India,IND,2006,YR2006,29.3,2.89,54.8,55.6,54.1,6,61.1951099242157
India,IND,2007,YR2007,30.65,2.79,52.8,53.8,52,7,58.0211349861865
India,IND,2008,YR2008,31.9,2.8,50.8,51.7,50,9,54.3676481000901
India,IND,2009,YR2009,33.4,3.12,48.7,49.5,48,10,51.3544031327568
India,IND,2010,YR2010,35.3,3.11,46.7,47.6,45.7,12,50.1011539510167
India,IND,2011,YR2011,37.2,3.38,44.6,45.4,43.8,14,61.708624213512
India,IND,2012,YR2012,39.2,3.44,42.5,43.2,41.8,14,74.0031607462287
India,IND,2013,YR2013,42,3.24,40.5,41,39.9,13,76.2501768290597
India,IND,2014,YR2014,44.4,3.25,38.5,38.9,38,13,79.0373957134889
India,IND,2015,YR2015,47.4,3.38,36.5,36.9,36.2,15,73.810991410386
India,IND,2016,YR2016,50.9,3.39,34.7,35,34.4,16,75.7890035327013
India,IND,2017,YR2017,54.3,3.66,32.9,33.1,32.8,19,67.3122713926644
India,IND,2018,YR2018,58.6,3.68,31.3,31.3,31.2,20,68.1209525065052
India,IND,2019,YR2019,62.2,3.85,29.7,29.6,29.7,21,59.8919808842351
India,IND,2020,YR2020,66.8,3.69,28.1,28,28.3,23,48.3948115195574
Bangladesh,BGD,2000,YR2000,8.3,5.21146441,63,58.5,67.4,2.42757424,53.2073315873939
Bangladesh,BGD,2001,YR2001,8.4,3.57855344,59.9,55.7,63.9,1.82363706,53.5371557711762
Bangladesh,BGD,2002,YR2002,8.5,4.5399313,57,52.9,60.8,2.27942359,53.9989891679289
Bangladesh,BGD,2003,YR2003,8.6,4.7553134,54.3,50.4,57.9,2.5377712,54.4416560238779
Bangladesh,BGD,2004,YR2004,9,4.86526632,51.7,48,55.2,2.67336969,54.7139805852488
Bangladesh,BGD,2005,YR2005,9.3,4.38883734,49.3,45.7,52.8,2.54206863,54.6647870982674
Bangladesh,BGD,2006,YR2006,9.6,4.7282033,47,43.5,50.3,2.81392511,53.1975459498402
Bangladesh,BGD,2007,YR2007,10.2,5.07518816,44.8,41.4,47.9,3.24137164,50.0752382318021
Bangladesh,BGD,2008,YR2008,10.8,3.84091425,42.7,39.5,45.7,3.3461322,46.4359542477712
Bangladesh,BGD,2009,YR2009,11.6,4.11533833,40.7,37.7,43.5,3.62930659,43.417784301366
Bangladesh,BGD,2010,YR2010,12.6,4.43941641,38.9,36.2,41.5,4.35039989,42.1588186962047
Bangladesh,BGD,2011,YR2011,13.6,4.18159103,37.2,34.7,39.6,4.75053385,52.2951110557553
Bangladesh,BGD,2012,YR2012,14.6,4.01620436,35.6,33.3,37.8,4.76846127,65.1638389348551
Bangladesh,BGD,2013,YR2013,15.7,3.61745524,34.1,32,36.2,5.22015237,64.3758949024465
Bangladesh,BGD,2014,YR2014,16.8,3.59245324,32.7,30.7,34.6,5.61003404,68.3283645116627
Bangladesh,BGD,2015,YR2015,18.2,3.37688875,31.4,29.5,33.2,5.73340587,64.1084295201163
Bangladesh,BGD,2016,YR2016,19.4,4.09935808,30.1,28.3,31.8,7.87356598,63.6784141329752
Bangladesh,BGD,2017,YR2017,20.7,4.10705233,28.9,27.2,30.5,8.9745517,58.3439766448258
Bangladesh,BGD,2018,YR2018,21.9,3.75035429,27.8,26.1,29.3,9.3824752,59.513577848333
Bangladesh,BGD,2019,YR2019,23.5,3.29686975,26.7,25.1,28.2,9.43376367,50.3645265388691
Bangladesh,BGD,2020,YR2020,24.9,3.07911539,25.7,24.2,27.2,9.14320207,42.3813762359965
Bhutan,BTN,2000,YR2000,26.2,7.66199493,58.4,54.4,62.2,24.77153434,32.573840359233
Bhutan,BTN,2001,YR2001,29.9,6.54652882,55.6,51.6,59.3,25.42995657,32.9160069856681
Bhutan,BTN,2002,YR2002,34.3,7.87970304,52.7,48.9,56.4,26.03863201,33.3441824485286
Bhutan,BTN,2003,YR2003,38.2,7.6382122,49.9,46.1,53.5,25.82155755,33.751263035198
Bhutan,BTN,2004,YR2004,42.6,9.08555698,47.1,43.4,50.6,30.45042265,34.0301450330599
Bhutan,BTN,2005,YR2005,47,6.72386217,44.4,40.8,47.8,29.83987498,34.0737247294978
Bhutan,BTN,2006,YR2006,51,6.82967377,41.7,38.3,45,30.18605829,33.1496223788183
Bhutan,BTN,2007,YR2007,55.4,7.46379232,39.3,35.9,42.4,41.59892721,31.1047418968965
Bhutan,BTN,2008,YR2008,58.9,6.02861881,36.9,33.7,39.9,39.61668994,28.700905063469
Bhutan,BTN,2009,YR2009,62.3,6.19368172,34.6,31.6,37.5,43.88967994,26.6999336582723
Bhutan,BTN,2010,YR2010,65.7,5.64934969,32.6,29.6,35.3,51.86983977,25.8636494610431
Bhutan,BTN,2011,YR2011,68.5,6.14636755,30.7,27.9,33.3,56.7696977,30.4700767007183
Bhutan,BTN,2012,YR2012,71.2,6.45828485,29.1,26.5,31.7,58.19592613,38.1315714688966
Bhutan,BTN,2013,YR2013,73.8,7.09804106,27.8,25.2,30.2,59.23053129,37.4162437152675
Bhutan,BTN,2014,YR2014,76.2,7.77876854,26.6,24.2,28.9,59.90790302,40.2981530542455
Bhutan,BTN,2015,YR2015,78.1,9.3686533,25.5,23.1,27.8,71.66804989,37.4856911286561
Bhutan,BTN,2016,YR2016,80,8.10247707,24.6,22.2,26.7,71.86982647,36.9416122831151
Bhutan,BTN,2017,YR2017,81.9,7.58420563,23.6,21.4,25.8,77.04527904,33.8115150358203
Bhutan,BTN,2018,YR2018,83.3,7.70324659,22.9,20.7,25,80.90132048,34.0838819368766
Bhutan,BTN,2019,YR2019,84.7,10.23985958,22.1,20,24.2,84.83902644,30.051897764158
Bhutan,BTN,2020,YR2020,86,10.29558849,21.4,19.3,23.4,104.29878936,23.9456576369223
Nepal,NPL,2000,YR2000,5.3,4.25,58.5,54.4,62.5,1,57.9103771850316
Nepal,NPL,2001,YR2001,6.7,4.53,55.7,51.7,59.5,2,58.2838727140248
Nepal,NPL,2002,YR2002,8.1,6.1,53.1,49.3,56.8,2,58.7692779115223
Nepal,NPL,2003,YR2003,9.8,5.52,50.7,47,54.2,2,59.2354499589495
Nepal,NPL,2004,YR2004,11.4,5.48,48.5,44.8,52,2,59.5512460377322
Nepal,NPL,2005,YR2005,13,6.25,46.5,42.8,49.9,3,59.585523329296
Nepal,NPL,2006,YR2006,14.9,7.58,44.6,41.1,48,3,58.323855130818
Nepal,NPL,2007,YR2007,16.5,5.18,42.9,39.4,46.2,3,55.5324687996932
Nepal,NPL,2008,YR2008,18.1,5.31,41.2,37.9,44.5,4,52.2512026076732
Nepal,NPL,2009,YR2009,19.7,4.69,39.7,36.4,42.8,4,49.5198948265099
Nepal,NPL,2010,YR2010,21.4,4.81,38.2,35,41.1,5,48.378383727955
Nepal,NPL,2011,YR2011,23,4.87,36.7,33.7,39.5,6,57.7405744835303
Nepal,NPL,2012,YR2012,24.7,4.69,35.2,32.3,37.9,6,71.4060546576235
Nepal,NPL,2013,YR2013,26.4,4.88,33.8,31,36.4,6,71.4182305954874
Nepal,NPL,2014,YR2014,28.1,5.27,32.4,29.7,34.9,7,75.117974167847
Nepal,NPL,2015,YR2015,29.7,5.15,31,28.4,33.4,8,70.9361955250807
Nepal,NPL,2016,YR2016,31.3,5.31,29.7,27.2,32,9,72.4074854195922
Nepal,NPL,2017,YR2017,32.8,4.51,28.4,26,30.7,11,64.6442716077629
Nepal,NPL,2018,YR2018,34.3,3.81,27.2,24.8,29.4,12,64.2108322791754
Nepal,NPL,2019,YR2019,35.5,4.03,26,23.7,28.1,13,57.2750179345088
Nepal,NPL,2020,YR2020,36.9,5.67,24.9,22.7,26.9,18,45.7207706412594
Sri Lanka,LKA,2000,YR2000,16.7,10.14,14.4,13,15.7,23,26.659822449137
Sri Lanka,LKA,2001,YR2001,17.3,9.52,13.8,12.4,15.2,22,26.722809505096
Sri Lanka,LKA,2002,YR2002,17.7,10.37,13.4,12,14.7,23,26.7206615825844
Sri Lanka,LKA,2003,YR2003,18.2,10.38,13,11.7,14.2,23,26.6463535848639
Sri Lanka,LKA,2004,YR2004,18.6,11.05,17.6,16.3,18.8,27,26.4928604151958
Sri Lanka,LKA,2005,YR2005,19.2,10.14,12.1,10.9,13.2,30,26.2531569768416
Sri Lanka,LKA,2006,YR2006,19.7,9.56,11.5,10.4,12.6,33,25.8583485895535
Sri Lanka,LKA,2007,YR2007,20.4,9.33,10.8,9.7,11.9,35,25.2426185148487
Sri Lanka,LKA,2008,YR2008,20.6,8.73,10.3,9.2,11.3,40,24.4035585686367
Sri Lanka,LKA,2009,YR2009,21.3,7.84,13.6,12.5,14.5,40,23.3387605668271
Sri Lanka,LKA,2010,YR2010,21.8,7.83,9.6,8.7,10.6,43,22.0458163253294
Sri Lanka,LKA,2011,YR2011,22.7,7.97,9.3,8.3,10.3,49,19.3067208821847
Sri Lanka,LKA,2012,YR2012,23.3,8.06,8.9,7.9,9.8,47,20.9131853685461
Sri Lanka,LKA,2013,YR2013,24,10.1,8.4,7.5,9.3,61,21.9721781997635
Sri Lanka,LKA,2014,YR2014,24.9,9.03,8,7.1,8.8,60,19.7831265390581
Sri Lanka,LKA,2015,YR2015,26,8.4,7.5,6.7,8.3,65,17.9117046245301
Sri Lanka,LKA,2016,YR2016,27.3,8.56,7.1,6.3,7.9,64,19.521371968942
Sri Lanka,LKA,2017,YR2017,28.7,7.64,6.8,6,7.5,60,18.3492016336564
Sri Lanka,LKA,2018,YR2018,29.9,9.49,6.5,5.8,7.1,73,20.8478350946817
Sri Lanka,LKA,2019,YR2019,31.1,9.49,6.2,5.6,6.8,76,19.779803654502
Sri Lanka,LKA,2020,YR2020,32.6,9.49,6,5.4,6.6,77,19.9644408635608
Myanmar,MMR,2000,YR2000,2,1.36,65,58.2,71.6,1,39.5272329221873
Myanmar,MMR,2001,YR2001,2.2,1.41,63.5,56.8,69.9,1,39.7428390610683
Myanmar,MMR,2002,YR2002,2.5,2.6,62,55.4,68.2,1,40.1768875885917
Myanmar,MMR,2003,YR2003,2.9,1.88,60.4,54,66.5,1,40.6510344092112
Myanmar,MMR,2004,YR2004,3.4,1.92,58.8,52.6,64.8,1,40.9869354273807
Myanmar,MMR,2005,YR2005,3.9,1.29,57.2,51.1,63,1,41.0062465475539
Myanmar,MMR,2006,YR2006,4.5,1.91,55.5,49.6,61.1,1,40.5461049761885
Myanmar,MMR,2007,YR2007,5.4,1.43,53.7,48,59.2,1,39.5962241482972
Myanmar,MMR,2008,YR2008,6.4,1.32,64.2,58.6,69.5,1,38.2071243111665
Myanmar,MMR,2009,YR2009,7.6,1.44,50.2,44.8,55.3,2,36.4293257120831
Myanmar,MMR,2010,YR2010,9.1,1.35,48.5,43.2,53.4,2,34.3133485983332
Myanmar,MMR,2011,YR2011,10.9,1.65,46.7,41.6,51.4,3,29.4854398392347
Myanmar,MMR,2012,YR2012,13.1,2.32,45,40.1,49.5,6,33.179223857355
Myanmar,MMR,2013,YR2013,15.3,2.71,43.3,38.6,47.8,7,35.1664986630794
Myanmar,MMR,2014,YR2014,18,4.47,41.8,37.3,46.1,13,31.2218892689358
Myanmar,MMR,2015,YR2015,20.9,4.98,40.4,36,44.6,14,29.9150539220144
Myanmar,MMR,2016,YR2016,24.3,3.05,39.1,34.8,43.2,8,31.1703866445543
Myanmar,MMR,2017,YR2017,27.9,3.62,37.9,33.7,41.8,9,28.1336717956987
Myanmar,MMR,2018,YR2018,31.9,3.45,36.7,32.6,40.6,9,31.5559916967562
Myanmar,MMR,2019,YR2019,36.1,3.28,35.6,31.6,39.3,9,32.1642279603857
Myanmar,MMR,2020,YR2020,40.75,3.23,34.5,30.6,38.2,11,32.3150340028667
Philippines,PHL,2000,YR2000,38.5,6.52,28.2,24.6,31.6,15,31.5189595125717
Philippines,PHL,2001,YR2001,39.1,5.5,27.7,24.2,30.9,11,31.2923190881475
Philippines,PHL,2002,YR2002,39.9,4.75,27.1,23.8,30.3,10,31.05570387518
Philippines,PHL,2003,YR2003,40,5.46,26.6,23.4,29.7,12,30.7743493607566
Philippines,PHL,2004,YR2004,40.2,5.62,26.1,23,29.1,12,30.4134910319648
Philippines,PHL,2005,YR2005,40.4,6.61,25.6,22.5,28.5,15,29.9383643758918
Philippines,PHL,2006,YR2006,40.4,6.63,25.1,22.1,27.9,18,29.1782265763242
Philippines,PHL,2007,YR2007,40.3,6.46,24.6,21.7,27.3,20,28.0341722365094
Philippines,PHL,2008,YR2008,40.3,6.51,24.1,21.3,26.8,23,26.5791929727268
Philippines,PHL,2009,YR2009,40.2,6.64,23.7,21,26.3,24,24.8862804012556
Philippines,PHL,2010,YR2010,40.1,7.18,23.3,20.7,25.9,29,23.0284261383751
Philippines,PHL,2011,YR2011,40.5,6.19,23,20.4,25.5,26,20.2762007200701
Philippines,PHL,2012,YR2012,40.9,6.06,22.7,20.1,25.1,29,21.8351961883251
Philippines,PHL,2013,YR2013,42,6.29,22.4,19.9,24.8,32,22.7402636854564
Philippines,PHL,2014,YR2014,42.9,7.29,22.2,19.7,24.6,37,20.3368824432152
Philippines,PHL,2015,YR2015,44.2,8.14,22.1,19.6,24.5,44,19.7079275985218
Philippines,PHL,2016,YR2016,45.7,7.72,22.1,19.6,24.4,45,19.9069716374648
Philippines,PHL,2017,YR2017,47.8,7.62,22.1,19.6,24.5,46,18.3327018141416
Philippines,PHL,2018,YR2018,49.9,7.35,22.1,19.6,24.5,49,20.5885077839401
Philippines,PHL,2019,YR2019,52.3,7.8,22.2,19.7,24.6,58,21.5254371973976
Philippines,PHL,2020,YR2020,54.6,9,22.2,19.7,24.6,75,20.2887417122616
Thailand,THA,2000,YR2000,61.1,9.24875259,18.2,15.9,20.2,34.30090232,40.3912275638682
Thailand,THA,2001,YR2001,62.6,8.37690735,17.2,15.1,19.2,31.46568035,40.3506543167023
Thailand,THA,2002,YR2002,63.8,8.71551132,16.3,14.3,18.2,43.42060077,40.4326952705377
Thailand,THA,2003,YR2003,64.9,11.45679474,15.5,13.6,17.3,48.08814949,40.5281267680848
Thailand,THA,2004,YR2004,65.9,10.7134676,14.7,12.9,16.4,53.2776011,40.5277251520537
Thailand,THA,2005,YR2005,67.1,10.5017271,13.9,12.2,15.5,57.90059992,40.3222667651549
Thailand,THA,2006,YR2006,68.2,12.11568642,13.2,11.6,14.6,74.57697036,39.7521062500821
Thailand,THA,2007,YR2007,69.4,12.38446522,12.5,11,13.8,94.98567656,38.7509301612035
Thailand,THA,2008,YR2008,70.5,13.49731636,11.8,10.5,13.2,112.8370769,37.3495127087413
Thailand,THA,2009,YR2009,71.55,12.45869255,11.3,10,12.5,109.95385843,35.5786281029176
Thailand,THA,2010,YR2010,72.8,11.56414127,10.8,9.5,11.9,124.9573319,33.4690505539545
Thailand,THA,2011,YR2011,74,12.84227848,10.3,9.2,11.4,147.17023011,29.0591951880929
Thailand,THA,2012,YR2012,75.3,12.64099789,9.9,8.8,11,154.07714812,31.5886298984382
Thailand,THA,2013,YR2013,76.4,12.16349411,9.5,8.5,10.6,158.44387669,34.4883511418629
Thailand,THA,2014,YR2014,77.4,12.66283321,9.2,8.1,10.2,162.36049369,29.9705384622081
Thailand,THA,2015,YR2015,78.7,12.53229141,8.9,7.9,9.8,156.91772589,28.1544413826202
Thailand,THA,2016,YR2016,79.8,13.58405399,8.6,7.6,9.5,166.93414656,30.3985996204755
Thailand,THA,2017,YR2017,81,13.10159683,8.3,7.4,9.1,178.65075433,27.1006744719071
Thailand,THA,2018,YR2018,82.2,13.00497055,8,7.1,8.8,195.35613595,30.0080973964844
Thailand,THA,2019,YR2019,83.1,12.50755787,7.7,6.9,8.5,207.22261366,30.382756547172
Thailand,THA,2020,YR2020,84.3,11.93321323,7.4,6.7,8.2,214.67241495,31.0072016277159
Viet Nam,VNM,2000,YR2000,13.6,9.4822588,23.6,20,26.9,8.45074135,27.2332642563715
Viet Nam,VNM,2001,YR2001,16.5,8.20207787,22.7,19.2,25.9,8.18477047,27.2724542389611
Viet Nam,VNM,2002,YR2002,19.3,8.61995983,21.8,18.6,24.9,9.39764647,27.3729160568005
Viet Nam,VNM,2003,YR2003,22.6,7.16033077,21.1,18,24.1,9.79632145,27.4669078615838
Viet Nam,VNM,2004,YR2004,25.9,8.6892519,20.5,17.5,23.4,12.89725233,27.4866878050048
Viet Nam,VNM,2005,YR2005,29.35,8.66923904,20,17,22.8,15.73784696,27.3645140387577
Viet Nam,VNM,2006,YR2006,33.1,8.76698685,19.5,16.7,22.3,18.0709825,27.0007597054278
Viet Nam,VNM,2007,YR2007,36.8,7.93691111,19.2,16.4,21.8,20.5219704,26.3605983485498
Viet Nam,VNM,2008,YR2008,41,8.12048721,18.9,16.1,21.5,25.52967881,25.4734887212418
Viet Nam,VNM,2009,YR2009,45.1,6.85301065,18.7,15.9,21.2,26.63958989,24.3688895766214
Viet Nam,VNM,2010,YR2010,49.8,8.6057291,18.4,15.8,20.9,34.37623712,23.0762596678067
Viet Nam,VNM,2011,YR2011,55.2,9.1072073,18.2,15.6,20.7,37.76025236,20.4905765848944
Viet Nam,VNM,2012,YR2012,60.4,9.5150404,18,15.5,20.5,48.90446052,21.5116439458873
Viet Nam,VNM,2013,YR2013,66.3,8.16121387,17.8,15.3,20.2,47.25504982,23.2274925075316
Viet Nam,VNM,2014,YR2014,72.1,9.12324142,17.7,15.2,20,53.11991371,20.4035064934273
Viet Nam,VNM,2015,YR2015,78,8.49385166,17.5,15,19.8,53.28715528,19.377014054477
Viet Nam,VNM,2016,YR2016,83.6,9.59658623,17.3,14.9,19.6,58.89675448,20.3304456216218
Viet Nam,VNM,2017,YR2017,88,10.09323883,17.2,14.8,19.4,65.01784873,18.5797797556674
Viet Nam,VNM,2018,YR2018,91.7,10.21770763,17,14.6,19.3,68.36870605,20.1630176303186
Viet Nam,VNM,2019,YR2019,94.2,10.19859123,16.8,14.5,19.1,70.53640975,20.8317868906878
Viet Nam,VNM,2020,YR2020,96,8.42611885,16.7,14.4,18.9,64.21880697,20.8010641731194
Singapore,SGP,2000,YR2000,100,7.39189529,3,2.8,3.2,287.91134664,19.7999719213474
Singapore,SGP,2001,YR2001,100,4.87020969,2.8,2.6,3,192.16910049,19.3142628589039
Singapore,SGP,2002,YR2002,100,6.54224348,2.7,2.4,2.9,233.10548572,18.5842525658608
Singapore,SGP,2003,YR2003,100,8.32677841,2.5,2.3,2.7,308.96389771,17.7392806593529
Singapore,SGP,2004,YR2004,100,7.12897968,2.4,2.2,2.6,275.48181931,16.908686756515
Singapore,SGP,2005,YR2005,100,7.88790894,2.3,2.1,2.5,294.3783755,16.221810474482
Singapore,SGP,2006,YR2006,100,7.84840441,2.3,2.1,2.5,329.77277675,15.6032041493169
Singapore,SGP,2007,YR2007,100,10.34652805,2.3,2.1,2.4,368.73861145,14.9552764832534
Singapore,SGP,2008,YR2008,100,8.65292072,2.2,2,2.4,476.95771747,14.3741516426824
Singapore,SGP,2009,YR2009,100,7.14675617,2.2,2,2.4,459.31326079,13.9559537939949
Singapore,SGP,2010,YR2010,100,10.94287872,2.2,2.1,2.4,533.66877828,13.796807103582
Singapore,SGP,2011,YR2011,100,11.97459507,2.2,2,2.4,620.0058833,15.5030932335334
Singapore,SGP,2012,YR2012,100,13.21419811,2.2,2,2.4,717.23405809,16.9223599271481
Singapore,SGP,2013,YR2013,100,13.96146393,2.2,2,2.4,862.96142919,18.076662563077
Singapore,SGP,2014,YR2014,100,13.65520763,2.2,2,2.4,985.5672293,17.2816885850335
Singapore,SGP,2015,YR2015,100,13.53679276,2.2,2,2.4,1072.90054446,17.1833032960407
Singapore,SGP,2016,YR2016,100,13.29581738,2.2,2,2.3,1160.35334489,15.900294890346
Singapore,SGP,2017,YR2017,100,15.28181934,2.1,2,2.3,1254.59387809,16.0768840541767
Singapore,SGP,2018,YR2018,100,14.53986549,2.1,1.9,2.2,1320.95333806,15.9768571619193
Singapore,SGP,2019,YR2019,100,16.24830246,2,1.9,2.2,1461.32497291,17.0759063187283
Singapore,SGP,2020,YR2020,100,13.85786724,1.9,1.8,2.1,2017.88225488,13.8691955865476
Malaysia,MYS,2000,YR2000,97.8,4.57726908,8.7,7.8,9.6,52.23210881,23.5136706210687
Malaysia,MYS,2001,YR2001,98,4.78832054,8.1,7.3,8.8,58.00853136,23.3307924792576
Malaysia,MYS,2002,YR2002,98.1,5.03528166,7.6,6.9,8.4,62.17996766,23.2129752557118
Malaysia,MYS,2003,YR2003,98.1,5.41107655,7.3,6.6,8,73.68775486,23.1072146751735
Malaysia,MYS,2004,YR2004,98.1,5.62838221,7.1,6.4,7.8,78.13616455,22.9605064623849
Malaysia,MYS,2005,YR2005,98,5.55390263,7,6.3,7.7,79.03670305,22.7198463420882
Malaysia,MYS,2006,YR2006,97.8,6.5490737,7,6.3,7.6,107.66706485,22.1459745460658
Malaysia,MYS,2007,YR2007,97.5,6.27600908,7,6.3,7.6,121.58176542,21.1584955616188
Malaysia,MYS,2008,YR2008,97.2,5.93352127,7,6.3,7.6,139.59130431,19.9427014967672
Malaysia,MYS,2009,YR2009,96.9,5.86503458,7,6.3,7.6,136.01881973,18.6838844595312
Malaysia,MYS,2010,YR2010,96.5,6.31136417,6.9,6.3,7.6,151.22537812,17.5673365579308
Malaysia,MYS,2011,YR2011,95.9,6.51518965,6.9,6.3,7.6,182.73689931,16.5543727413676
Malaysia,MYS,2012,YR2012,95.2,6.54217672,6.9,6.2,7.5,200.51314619,17.9101382186238
Malaysia,MYS,2013,YR2013,94.5,6.81631851,6.9,6.2,7.5,206.022876,18.7954198873143
Malaysia,MYS,2014,YR2014,93.5,7.82402515,6.9,6.3,7.6,227.50918242,17.1052502297433
Malaysia,MYS,2015,YR2015,92.7,8.22995281,7,6.3,7.6,197.23848328,16.9297330913892
Malaysia,MYS,2016,YR2016,91.6,8.26288128,7,6.3,7.6,180.47786231,16.3864419259472
Malaysia,MYS,2017,YR2017,90.7,8.72014713,7,6.3,7.6,191.82856802,14.9450075810201
Malaysia,MYS,2018,YR2018,89.5,8.45166874,6.9,6.3,7.6,213.39262372,16.6541753286852
Malaysia,MYS,2019,YR2019,88.2,8.52368259,6.9,6.2,7.5,223.71067389,17.8197510834605
Malaysia,MYS,2020,YR2020,86.9,8.68648052,6.8,6.2,7.4,221.17491506,16.1938532237922
Lao PDR,LAO,2000,YR2000,1.3,6.19914436,76.2,68.1,84,4.06797857,28.820009114765
Lao PDR,LAO,2001,YR2001,1.4,7.05502892,73.6,65.6,81.3,4.48464835,28.8274106843826
Lao PDR,LAO,2002,YR2002,1.5,6.12984419,71,63.1,78.6,3.5587916,28.8952739905149
Lao PDR,LAO,2003,YR2003,1.6,6.83480501,68.4,60.6,75.8,4.31204734,28.9554957475365
Lao PDR,LAO,2004,YR2004,1.8,5.85327101,65.8,58.3,73,3.64999202,28.9399726698219
Lao PDR,LAO,2005,YR2005,2,5.91417122,63.3,56,70.1,4.72276907,28.7806014717458
Lao PDR,LAO,2006,YR2006,2.3,4.36346436,60.7,53.8,67.3,4.22306841,28.4053138984033
Lao PDR,LAO,2007,YR2007,2.5,3.77503133,58.3,51.5,64.6,4.48776899,27.7775269837477
Lao PDR,LAO,2008,YR2008,2.9,3.19745922,55.9,49.4,62,4.97258651,26.8823653754409
Lao PDR,LAO,2009,YR2009,3.2,5.70376587,53.6,47.4,59.4,11.84794063,25.7049537211446
Lao PDR,LAO,2010,YR2010,3.5,2.69455552,51.4,45.4,57.1,7.17000096,24.2304166685204
Lao PDR,LAO,2011,YR2011,4,1.81748676,49.2,43.5,54.7,5.12546815,20.5789011650413
Lao PDR,LAO,2012,YR2012,4.3,1.76665962,47.2,41.6,52.5,6.83878888,22.4365696992954
Lao PDR,LAO,2013,YR2013,4.8,2.94007111,45.3,39.8,50.3,12.93796531,24.2423626108046
Lao PDR,LAO,2014,YR2014,5.2,2.7363534,43.4,38.1,48.2,13.56874212,21.3928997917018
Lao PDR,LAO,2015,YR2015,5.8,3.35080194,41.7,36.6,46.3,18.36205103,20.1670988613747
Lao PDR,LAO,2016,YR2016,6.2,3.66401911,40,35.3,44.6,17.66305954,22.463787282601
Lao PDR,LAO,2017,YR2017,6.8,4.07695913,38.6,34,43,21.67594866,19.1515982168711
Lao PDR,LAO,2018,YR2018,7.3,4.15752554,37.2,32.7,41.6,22.19453928,20.9840690040935
Lao PDR,LAO,2019,YR2019,8,5.12380648,36,31.6,40.2,25.04767076,22.4289603771825
Lao PDR,LAO,2020,YR2020,8.7,4.2616806,34.8,30.6,38.8,20.05841067,22.3176670505669
Indonesia,IDN,2000,YR2000,6.7,3.59241748,40.9,36.9,44.7,4.60913843,26.2052017856205
Indonesia,IDN,2001,YR2001,7.5,3.9583149,39.3,35.4,43,6.20680437,25.8543760470568
Indonesia,IDN,2002,YR2002,8.8,3.98283839,37.7,34,41.3,6.51863213,25.5291686460049
Indonesia,IDN,2003,YR2003,10.4,4.49961615,36.2,32.6,39.7,9.36141799,25.1975719602112
Indonesia,IDN,2004,YR2004,12.5,4.20149517,36.9,33.4,40.2,9.26365246,24.8275783674222
Indonesia,IDN,2005,YR2005,15,4.2081809,33.5,30.1,36.7,9.94880443,24.3871802453844
Indonesia,IDN,2006,YR2006,18.5,4.51138687,32.3,29,35.4,14.21259465,23.8860554289587
Indonesia,IDN,2007,YR2007,23,5.43744278,31,27.9,34,20.39026913,23.3156711321389
Indonesia,IDN,2008,YR2008,28.45,4.6298461,29.9,26.9,32.8,21.06848506,22.6167038013704
Indonesia,IDN,2009,YR2009,34.2,5.41294384,28.9,25.9,31.6,22.12790735,21.7298298830988
Indonesia,IDN,2010,YR2010,40.6,3.91489601,27.8,24.9,30.5,20.45707703,20.5957258237696
Indonesia,IDN,2011,YR2011,46.6,3.96251845,26.8,24,29.4,25.36558289,17.9185723142468
Indonesia,IDN,2012,YR2012,52.6,4.07335424,25.8,23.1,28.4,28.1443228,19.553351601333
Indonesia,IDN,2013,YR2013,58.1,4.28101349,24.9,22.2,27.4,29.43082669,20.1029935644832
Indonesia,IDN,2014,YR2014,63,5.33553553,24,21.4,26.5,34.51394348,18.5354648917633
Indonesia,IDN,2015,YR2015,67.3,6.62539768,23.1,20.6,25.5,38.47541822,18.6712786457665
Indonesia,IDN,2016,YR2016,71.6,8.17642403,22.3,19.8,24.6,48.95451019,19.1310042759597
Indonesia,IDN,2017,YR2017,75.5,8.15006733,21.5,19.1,23.7,51.83114059,16.9555634840925
Indonesia,IDN,2018,YR2018,78.9,8.36061573,20.7,18.4,22.9,54.47545987,18.4371895829409
Indonesia,IDN,2019,YR2019,82.1,8.5572319,20,17.8,22.1,58.03070066,19.4270918962783
Indonesia,IDN,2020,YR2020,84.8,10.16993046,19.4,17.2,21.4,73.52028129,17.8814994983985
Cambodia,KHM,2000,YR2000,3.5,8.59173584,79,71.2,86.4,3.9108652,29.7987214798005
Cambodia,KHM,2001,YR2001,4.1,7.83031797,73.4,65.9,80.5,3.83366,29.9057244650667
Cambodia,KHM,2002,YR2002,4.6,8.29783154,67.3,60.1,74.1,4.78276927,30.0191592913356
Cambodia,KHM,2003,YR2003,5.2,9.43044281,61.7,55,68.1,5.41792825,30.098509540539
Cambodia,KHM,2004,YR2004,6.1,9.90109062,56.9,50.7,62.9,5.6295423,30.1032587946087
Cambodia,KHM,2005,YR2005,6.8,9.89736652,52.9,46.9,58.5,5.79834105,29.9928906354765
Cambodia,KHM,2006,YR2006,7.5,7.41110468,49.4,43.7,54.7,5.18110932,29.6130476724133
Cambodia,KHM,2007,YR2007,8.4,6.7482748,46.3,40.9,51.4,6.12279395,28.8642622907811
Cambodia,KHM,2008,YR2008,9.4,6.6590457,43.2,38.2,48,7.60447232,27.7883527366484
Cambodia,KHM,2009,YR2009,10.4,5.96768332,40.2,35.4,44.6,8.94553451,26.427137256084
Cambodia,KHM,2010,YR2010,11.5,6.51964235,37.3,32.8,41.6,10.66683236,24.8224340951565
Cambodia,KHM,2011,YR2011,12.9,6.21460676,34.6,30.4,38.6,11.26683936,21.6807107694691
Cambodia,KHM,2012,YR2012,14.5,6.48858452,32.2,28.3,35.9,13.37046678,22.9965791117395
Cambodia,KHM,2013,YR2013,16.1,6.64391565,30.2,26.5,33.7,14.41165201,25.7785023524529
Cambodia,KHM,2014,YR2014,18.2,5.70839739,28.6,25.1,31.9,13.61362123,22.1052880421246
Cambodia,KHM,2015,YR2015,20.7,6.63314915,27.1,23.8,30.3,15.74241007,21.599028896344
Cambodia,KHM,2016,YR2016,23.4,6.31595898,25.9,22.7,28.9,17.08757997,22.4071810127085
Cambodia,KHM,2017,YR2017,26.9,6.70265007,24.7,21.7,27.6,20.99161095,20.7075312769695
Cambodia,KHM,2018,YR2018,31.2,7.07836199,23.6,20.8,26.4,25.01248003,22.9919425508182
Cambodia,KHM,2019,YR2019,35.7,6.99097633,22.7,20,25.4,27.82877061,22.9738017157091
Cambodia,KHM,2020,YR2020,41.3,6.99097633,21.9,19.2,24.4,30.14314963,24.1436022803452
,,,,,,,,,,
,,,,,,,,,,
,,,,,,,,,,
Data from database: World Development Indicators,,,,,,,,,,
Last Updated: 11/13/2024,,,,,,,,,,
